      5484,      8063,      7404,      8578,      1820,      8575,      1300,      1419,      5206,      1059,      9370,      1738,         2
       396,       334,      5193,      8873,      2243,      5537,      6165,      6908,      5237,      7901,      4108,      2907,         2
      2019,      6883,      7430,      5727,      9399,      1627,      9999,      4630,      6006,      9895,       209,      5670,         2
      8027,      3235,      4230,      5986,      6355,      2053,      3793,       114,      4738,      3834,       899,      4357,         2
      2349,      8362,      7326,      1519,      8000,      1763,      1886,      4319,      6891,      8228,      5695,      8762,         2
      9408,      7154,      1513,      1348,      2265,       405,      6075,        30,      9744,      4370,      3882,       678,         2
      3603,       149,      7961,      1640,      6110,      2835,      4509,      8783,      1462,      6064,      9595,      7321,         2
      5201,      2382,      4846,      6061,      6506,      5127,      5594,      4534,      5194,      6103,      1792,      1243,         2
      8107,      7206,      9546,      8055,      7996,      1043,       557,      8492,      7201,      8501,      7512,      4929,         2
      3189,      1796,      1748,      7380,       152,      8734,      3113,      9102,      1389,      9117,      3986,      3273,         2
      2503,      2931,      3995,      8451,      3313,      4277,      5705,       659,      3509,      5909,      2221,      7743,         2
      5026,      8466,      7479,      3645,      8030,      5634,      7967,      9113,      2484,      2276,      1271,      4620,         2
      6966,      2288,       580,      7946,      7076,      5683,      8839,      6222,      4005,      9719,      5049,      2543,         2
      9507,      3395,      5261,      7632,      5807,      2492,      6201,      5628,      3025,      6980,      8947,      3552,         2
      1657,      7827,      2530,      2234,      9016,      6902,      6321,      5704,      5923,      5342,      8632,      9609,         2
       137,      4662,      4701,       390,      6744,      2841,       296,        76,      4722,      7750,      9613,      5983,         2
      5422,      7090,      5070,      3654,      6447,      5609,      9114,      8113,      7104,      4963,      2713,      5964,         2
      5982,      8624,      2960,      6249,      3777,      2672,      6837,      7037,      4678,      8858,      3365,      2918,         2
      7497,      8643,      9203,      3257,      4080,      1102,      9424,      1631,      9208,      3817,      6177,       310,         2
      4626,      6921,      1787,      9524,      8179,      9625,      7111,      7363,      3876,      9658,      6055,      6585,         2
      2009,      5279,      9656,      1979,       415,       302,      2837,      6031,      9008,      1227,      6533,      6652,         2
      2176,      6538,       362,      3145,      2436,      2541,      4512,      5615,      6175,       370,      4957,      5322,         2
      3662,      4689,      4879,       773,      2329,      3894,      7802,      4502,      4283,      6785,      6147,      7399,         2
      4679,      6928,      3595,      8521,      1112,        93,      7883,      2289,      7362,      6366,       378,        96,         2
      4938,      9808,      7078,      5049,      3202,      3773,      8952,      1635,      1189,      7041,      8056,      1540,         2
      4865,       850,      6159,      4447,      6080,      1198,      7773,      2065,      1041,      8987,      2095,      7213,         2
      6259,      7531,      6261,      6765,      5215,       233,       151,      1338,      8129,      1593,      7227,      1467,         2
      2935,      7063,      4137,      9227,      4222,       393,      3521,      7360,      6517,      8676,      7284,      8723,         2
       567,      3756,      2318,      2565,      9719,      6140,      8790,      5350,      6276,      6067,      9705,      6895,         2
      5218,      8502,      2902,      9128,       890,      8906,      6582,      5101,      9538,      9968,      5733,      1995,         2
      1004,      9163,      2557,      6317,      6797,       251,      3270,      8322,      8760,      5621,      9177,      6162,         2
      4935,      3596,      2547,      3325,      7282,      7579,      3512,       432,      7615,      7379,      3433,      5682,         2
      4503,      6088,      9319,      4267,      3424,      3819,      1687,      9298,      4928,      8281,      9538,      1703,         2
      8825,      2017,      3342,      4842,      9071,      2833,      1476,      9376,      7163,      9490,      7630,      6754,         2
        10,      7933,      7454,       442,      5716,      8801,      3549,      2292,       844,      3123,      2647,      4259,         2
      1048,      1731,      1900,      9507,      4186,      1840,      1016,      2119,       540,      1944,      8736,      3395,         2
      4565,      4810,      1454,       613,      6322,      5783,      3872,       223,       423,       584,      7946,      3417,         2
      4641,      9264,      9491,        64,      7735,      7102,       247,      5215,       214,      6633,      5167,      3529,         2
      9461,      9709,      2863,      7044,      5668,      9288,      8790,      6713,      3252,        23,      7614,      2931,         2
      9536,      4511,      5086,      2638,      7635,      9581,       943,      2043,      1501,      8192,      3122,      1006,         2
       317,      4054,       756,      7236,      6296,      1736,      6330,      9085,       849,      1859,      1625,      4228,         2
      3644,      1843,      3100,       376,      6948,      6624,      4858,        93,      8531,      6513,      4095,      8172,         2
      5667,      5047,      1833,      2610,      1056,      7908,      5778,      5239,      6612,      8403,      3270,      7871,         2
      9821,      3502,      6727,      3521,      8624,      2653,      4518,       584,      5071,      6372,      5144,      1402,         2
      5400,      6358,       773,      1842,      2371,      3155,      4012,      6543,       393,      6349,      7053,       585,         2
      8965,      2915,      8246,       827,      5217,      3987,      2587,      4500,      3736,        40,      6493,      2203,         2
      5088,      6966,      5060,      2717,      3460,      9117,      1959,      1650,      7567,      5620,      4640,      1861,         2
      8819,      3162,      8949,      2606,      2005,      3588,      5541,      2949,      2054,      3209,      4518,       719,         2
      8109,      6602,      5848,      5520,      5189,      3992,      3747,      7084,      7609,      9161,      1376,      6395,         2
      4363,      9237,      9458,      2128,      3208,      6879,      2771,      4048,      8512,      9481,      5499,      3629,         2
       347,      5743,      5235,      1192,      4590,      3420,      8732,      8725,      2053,      8587,      9895,      9129,         2
      8679,      2043,      8317,      2621,       144,      7099,      3918,      9062,      6461,       250,      6249,      3546,         2
        15,      4676,      8465,      3973,      9875,      3147,      7558,      8200,      8373,      4439,      9725,      9096,         2
      7662,      2411,      5834,      7492,      9297,      9761,      9166,      8037,      2924,      1361,      7265,       883,         2
      9570,      2300,      6677,      9577,      4956,      8123,      5138,      7028,      3177,      9530,        64,       571,         2
      5578,      8804,      5423,      1362,      2540,      2413,      2458,      2950,       686,      9578,      4251,      5524,         2
      8007,      5700,      3742,       679,      6376,      1820,      1425,      4770,      2774,      5886,      6933,      6662,         2
      3148,      2127,      9842,      4373,      1831,      4474,      3257,      9805,       476,      6012,      2936,      1899,         2
      6303,       896,      1119,      7162,      9644,      5270,      4004,      9254,      7320,      9710,      7740,      9069,         2
      6755,      9380,      3309,      9216,      2206,      6180,      4921,      5008,      4257,      6360,      5696,      5740,         2
      9221,      1898,      1394,      2253,        39,      1531,      7115,      7138,      1054,      6640,      2764,      7951,         2
      8662,      6558,      6600,      5397,      9565,       690,      7378,      3029,      1649,      6088,      9470,      6188,         2
       238,      8232,      2704,       751,      6290,       383,      4198,      4157,      3146,      2544,      3576,      6522,         2
      8734,      6203,      4780,      9984,      5914,      1680,      7246,      7571,      5067,      6151,      3594,      1094,         2
      9329,      1177,      4218,      3710,      8314,      6918,      8343,        90,      1341,      5445,      7697,      3176,         2
      6879,       153,      2508,      6425,      5235,       623,      4738,      3721,      7754,      4633,      4061,      9494,         2
      7296,      1709,      7076,      9019,      6001,      3067,      7620,      6124,      4000,      9575,      6357,      5515,         2
      7293,      6863,      1958,        94,      1906,      9301,      6764,      2052,      2242,      1579,      7378,      3558,         2
      9184,      8907,      8777,      2969,      7436,      3530,      3858,      7559,      7963,      4008,      8053,      1056,         2
      3770,      6806,      3283,      4413,       494,      4816,      8764,      2624,      1467,      8510,      9243,      5777,         2
      7622,      9922,      3462,      3694,      4050,      7100,      8346,      4713,      8029,      2474,      5339,      1856,         2
      7032,      1340,      8150,        63,      7506,      6785,      9127,      2701,      3372,      3179,       947,      8721,         2
      3655,      1372,      8112,      2069,      6808,      2226,      2495,      2621,      2314,      2949,      9120,      8359,         2
      2751,      3239,      5113,      5783,      8858,      1167,      1579,      9874,      7383,      1882,      1479,      1167,         2
      1753,       155,      8990,      6773,      9624,      8249,       840,      2720,      8413,      2230,      2505,      6353,         2
      4698,      7335,      5224,      8098,      1766,       287,      6768,      3468,      9131,      1994,      5631,      1509,         2
      3976,      9583,      6108,      2653,      1013,      7409,      6644,      4395,      9768,      6124,      5942,      8543,         2
      7848,      1445,      1368,      3194,      1910,      9217,      3597,        22,       563,      7639,      3450,      5676,         2
      7343,      2209,      9691,      5341,      8893,      4240,      5225,      7541,      1800,       635,      1019,      5833,         2
      9396,      4867,      6577,      8677,      7927,      3533,      1147,      9470,      1608,      1001,      3963,      3130,         2
      3274,       188,      3881,      5313,      3346,      2963,      7754,      1079,      4523,      5945,      5417,       456,         2
      8298,       297,      6914,      5336,      1381,      4869,       760,      7457,      7812,      5025,      4841,      1049,         2
      5109,      6069,       731,      6335,       498,       441,      9933,      5492,      6111,      4049,      6264,      1714,         2
      1710,      7286,      5965,      3156,      5542,      4618,      6840,      5673,      3189,       837,      1971,      5970,         2
      5579,      6655,      9805,       201,      3411,      6299,      7741,      4140,      4045,      4979,      3286,      4678,         2
      1445,      1261,      7446,      4828,      7629,      1480,      5816,      8711,      3391,      7625,      9191,        20,         2
      8960,      4529,      5905,      3417,      9012,      4063,      7640,      9760,       723,      6744,      7156,      4011,         2
      9078,      2666,      6890,      1179,      8120,      3351,      6369,      5322,      4295,      9418,      2690,      4516,         2
      4806,      2159,      8521,      4522,      6507,      1575,      7602,      4598,      6228,      6896,      3315,      6714,         2
      1363,      4950,      6388,      9018,       711,      8155,      6172,        56,      3373,       634,       435,      3117,         2
      2061,      5974,      5063,      7215,      5234,      6687,      8265,      4801,      5330,        14,      9013,      6932,         2
       480,      5296,      4923,      1749,      9764,      6308,       176,      8445,      1775,      1243,      4925,      9818,         2
       381,      4881,      9723,      4462,      9700,      7301,       520,      2088,      8200,      9803,      5334,       228,         2
      3762,      9819,      8013,      3827,       612,       795,      4773,      7624,      3081,      7994,      7304,      8683,         2
      8835,      6267,      7042,      8789,      8192,      5173,       371,      3779,      7214,      7521,       448,      7975,         2
      8644,       219,      5357,      6892,      9869,      2753,      8442,      2031,      2952,      9117,      8100,      3459,         2
      6684,      6445,      2277,      8286,      1249,      1464,      8552,      5252,      9201,      2030,      1614,      1642,         2
      5631,      3932,       192,      8936,      2255,      9430,      2945,       487,      5689,      4972,      6062,      3790,         2
      2325,      3313,      4736,      1365,      1618,      2139,      7777,      1180,      3953,      1151,      8192,      8074,         2
      1066,      3534,      8352,       883,      5635,      1775,      5091,      4883,      7468,      1733,      7837,      1696,         2
